version	count	date
v0.10.0	0	2015-02-03 08:30:13 -0800
v0.10.1	0	2015-02-05 14:15:29 -0800
v0.11.0	0	2015-02-17 21:15:37 -0800
v0.12.0	0	2015-03-02 20:04:24 -0800
v0.12.1	0	2015-03-11 14:00:17 -0700
v0.12.2	0	2015-03-16 16:18:46 -0700
v0.13.0	0	2015-03-16 16:31:03 -0700
v0.13.1	0	2015-03-17 07:58:11 -0700
v0.13.1-dev	0	2015-03-16 16:37:50 -0700
v0.13.2	0	2015-03-18 18:15:53 -0700
v0.14.0	0	2015-03-30 11:02:57 -0700
v0.14.1	0	2015-04-01 14:51:14 -0700
v0.14.2	0	2015-04-07 20:03:29 -0700
v0.15.0	0	2015-04-13 14:08:45 -0700
v0.16.0	0	2015-04-28 21:20:12 -0700
v0.16.1	0	2015-05-01 16:33:40 -0700
v0.16.2	0	2015-05-04 10:42:44 -0700
v0.17.0	0	2015-05-11 21:43:34 -0700
v0.17.1	0	2015-05-21 10:19:06 -0700
v0.18.0	0	2015-05-29 09:41:41 -0700
v0.18.1	0	2015-06-02 20:30:14 -0700
v0.18.2	0	2015-06-08 13:08:10 -0700
v0.19.0	0	2015-06-10 09:25:31 -0700
v0.19.1	0	2015-06-18 23:06:41 -0700
v0.19.2	0	2015-06-22 10:43:25 -0700
v0.19.3	0	2015-06-22 10:46:14 -0700
v0.2	0	2014-09-08 16:21:36 -0700
v0.20.0	0	2015-06-25 20:08:58 -0700
v0.20.1	0	2015-06-29 14:01:25 -0700
v0.20.2	0	2015-06-30 11:03:55 -0700
v0.21.0	0	2015-07-07 14:56:55 -0700
v0.21.1	0	2015-07-08 18:52:51 -0700
v0.21.2	0	2015-07-10 17:06:22 -0700
v0.21.3	0	2015-07-15 17:10:45 -0700
v0.21.4	0	2015-07-16 21:41:49 -0700
v0.3	0	2014-09-19 10:11:03 -0700
v0.4	0	2014-10-14 16:46:22 -0700
v0.4.1	0	2014-10-17 15:08:05 -0700
v0.4.2	0	2014-10-29 10:05:09 -0700
v0.4.3	0	2014-10-30 16:26:56 -0700
v0.4.4	0	2014-11-19 12:36:30 -0800
v0.5	0	2014-11-17 15:01:09 -0800
v0.5.1	0	2014-11-18 13:44:41 -0800
v0.5.2	0	2014-11-19 12:26:47 -0800
v0.5.3	0	2014-11-24 12:33:58 -0800
v0.5.4	0	2014-11-25 15:06:17 -0800
v0.5.5	0	2014-12-02 12:53:44 -0800
v0.5.6	0	2014-12-12 12:30:37 -0800
v0.6.0	0	2014-12-01 16:26:48 -0800
v0.6.1	0	2014-12-09 10:22:40 -0800
v0.6.2	0	2014-12-12 14:48:08 -0800
v0.7.0	0	2014-12-15 16:57:39 -0800
v0.7.1	0	2014-12-22 16:12:14 -0800
v0.7.2	0	2014-12-29 11:05:11 -0800
v0.7.3	0	2015-01-08 13:54:33 -0800
v0.7.4	0	2015-01-09 10:02:16 -0800
v0.8.0	0	2015-01-07 11:22:53 -0800
v0.8.1	0	2015-01-12 22:12:58 -0800
v0.8.2	0	2015-01-20 15:55:53 -0800
v0.8.4	0	2015-01-28 16:39:04 -0800
v0.9.0	0	2015-01-20 19:50:24 -0800
v0.9.1	0	2015-01-23 15:18:08 -0800
v0.9.2	0	2015-01-27 21:01:01 -0800
v0.9.3	0	2015-01-29 18:17:03 -0800
v1.0.0	0	2015-07-10 21:01:34 -0700
v1.0.1	0	2015-07-17 15:47:54 -0700
v1.0.2	0	2015-07-31 21:21:58 -0700
v1.0.3	0	2015-08-06 21:56:59 -0700
v1.0.4	0	2015-08-25 14:08:30 -0700
v1.0.5	0	2015-08-31 15:57:19 -0700
v1.0.6	0	2015-09-10 16:10:32 -0700
v1.0.7	0	2015-10-26 18:09:24 -0700
v1.0.8-beta	0	2015-10-26 18:09:24 -0700
v1.1.0	0	2015-09-25 16:40:56 -0700
v1.1.0-alpha.0	0	2015-07-10 21:13:41 -0700
v1.1.0-alpha.1	0	2015-08-28 14:52:29 -0700
v1.1.0-beta	0	2015-09-25 16:40:56 -0700
v1.1.1	0	2015-11-09 07:56:45 -0800
v1.1.1-beta	0	2015-09-25 16:40:56 -0700
v1.1.1-beta.0	0	2015-09-25 16:40:56 -0700
v1.1.1-beta.1	0	2015-11-03 11:22:48 -0800
v1.1.2	0	2015-11-18 16:12:48 -0800
v1.1.2-beta.0	0	2015-11-09 07:56:47 -0800
v1.1.3	0	2015-12-07 10:19:26 -0800
v1.1.3-beta.0	0	2015-11-18 16:12:50 -0800
v1.1.4	0	2016-01-08 15:52:52 -0800
v1.1.4-beta.0	0	2015-12-07 10:21:33 -0800
v1.1.5	0	2016-01-22 16:52:53 -0800
v1.1.5-beta.0	0	2016-01-08 15:52:54 -0800
v1.1.6	0	2016-01-27 12:12:56 -0800
v1.1.6-beta.0	0	2016-01-22 16:52:55 -0800
v1.1.7	0	2016-01-27 14:06:28 -0800
v1.1.7-beta.0	0	2016-01-27 12:12:58 -0800
v1.1.8	0	2016-02-23 10:21:07 -0800
v1.1.8-beta.0	0	2016-01-27 14:06:30 -0800
v1.1.9-beta.0	0	2016-02-23 10:21:13 -0800
v1.10.0	0	2018-03-23 15:34:25 -0700
v1.10.0-alpha.0	0	2017-11-16 12:56:36 -0800
v1.10.0-alpha.1	0	2017-12-18 12:24:46 -0800
v1.10.0-alpha.2	0	2018-01-26 09:07:41 -0800
v1.10.0-alpha.3	0	2018-02-01 07:04:47 -0800
v1.10.0-beta.0	0	2018-02-21 15:33:38 -0800
v1.10.0-beta.1	0	2018-02-28 16:30:08 -0500
v1.10.0-beta.2	0	2018-03-07 12:58:55 -0500
v1.10.0-beta.3	0	2018-03-12 17:05:50 -0400
v1.10.0-beta.4	0	2018-03-13 16:57:41 -0400
v1.10.0-rc.1	0	2018-03-19 19:04:06 -0400
v1.10.1	0	2018-04-11 17:25:16 -0700
v1.10.1-beta.0	0	2018-03-26 16:42:39 +0000
v1.10.10	0	2018-11-08 10:11:00 -0800
v1.10.10-beta.0	0	2018-10-16 11:59:57 +0000
v1.10.11	0	2018-11-26 04:33:03 -0800
v1.10.11-beta.0	0	2018-11-13 11:31:15 +0000
v1.10.12	0	2018-12-16 14:50:01 -0800
v1.10.12-beta.0	0	2018-11-26 14:23:55 +0000
v1.10.13	0	2019-01-16 12:30:31 -0800
v1.10.13-beta.0	0	2018-12-19 11:02:46 +0000
v1.10.14-beta.0	0	2019-02-13 11:01:52 +0000
v1.10.2	0	2018-04-26 05:17:57 -0700
v1.10.2-beta.0	0	2018-04-12 14:13:01 +0000
v1.10.3	0	2018-05-19 04:13:33 -0700
v1.10.3-beta.0	0	2018-04-27 09:08:54 +0000
v1.10.4	0	2018-06-04 16:17:46 -0700
v1.10.4-beta.0	0	2018-05-21 09:04:08 +0000
v1.10.5	0	2018-06-19 10:15:32 -0700
v1.10.5-beta.0	0	2018-06-06 07:59:27 +0000
v1.10.6	0	2018-07-25 03:50:07 -0700
v1.10.6-beta.0	0	2018-06-21 11:32:50 +0000
v1.10.7	0	2018-08-17 10:07:33 -0700
v1.10.7-beta.0	0	2018-07-26 10:02:24 +0000
v1.10.8	0	2018-09-13 08:17:15 -0700
v1.10.8-beta.0	0	2018-08-20 09:54:53 +0000
v1.10.9	0	2018-10-14 07:19:19 -0700
v1.10.9-beta.0	0	2018-09-14 15:52:48 +0000
v1.11.0	0	2018-06-27 12:55:42 -0700
v1.11.0-alpha.0	0	2018-02-14 08:51:31 -0800
v1.11.0-alpha.1	0	2018-04-19 11:00:22 -0700
v1.11.0-alpha.2	0	2018-05-01 22:47:19 -0700
v1.11.0-beta.0	0	2018-05-17 02:52:52 +0000
v1.11.0-beta.1	0	2018-05-31 14:24:28 -0400
v1.11.0-beta.2	0	2018-06-07 12:02:40 -0400
v1.11.0-rc.1	0	2018-06-20 16:41:45 -0700
v1.11.0-rc.2	0	2018-06-24 20:03:10 -0700
v1.11.0-rc.3	0	2018-06-26 06:32:40 -0700
v1.11.1	0	2018-07-16 21:20:29 -0700
v1.11.1-beta.0	0	2018-06-27 20:07:04 +0000
v1.11.10	0	2019-04-29 05:36:23 -0700
v1.11.10-beta.0	0	2019-03-25 06:29:07 +0000
v1.11.11-beta.0	0	2019-05-01 04:03:21 +0000
v1.11.2	0	2018-08-07 00:49:07 -0700
v1.11.2-beta.0	0	2018-07-17 18:41:58 +0000
v1.11.3	0	2018-09-07 18:26:22 -0700
v1.11.3-beta.0	0	2018-08-07 23:06:55 +0000
v1.11.4	0	2018-10-22 14:35:10 -0700
v1.11.4-beta.0	0	2018-09-09 17:51:27 +0000
v1.11.5	0	2018-11-26 04:31:24 -0800
v1.11.5-beta.0	0	2018-10-25 19:04:41 +0000
v1.11.6	0	2018-12-13 19:32:51 -0800
v1.11.6-beta.0	0	2018-11-26 14:29:46 +0000
v1.11.7	0	2019-01-18 01:47:46 -0800
v1.11.7-beta.0	0	2018-12-16 04:28:32 +0000
v1.11.8	0	2019-02-22 17:43:07 -0800
v1.11.8-beta.0	0	2019-01-24 19:21:09 +0000
v1.11.9	0	2019-03-21 16:12:18 -0700
v1.11.9-beta.0	0	2019-02-28 18:38:26 +0000
v1.12.0	0	2018-09-25 15:13:05 -0700
v1.12.0-alpha.0	0	2018-05-16 18:47:07 -0700
v1.12.0-alpha.1	0	2018-08-01 15:52:20 -0700
v1.12.0-beta.0	0	2018-08-14 20:33:38 +0000
v1.12.0-beta.1	0	2018-09-04 13:32:17 -0700
v1.12.0-beta.2	0	2018-09-11 15:33:31 -0700
v1.12.0-rc.1	0	2018-09-18 12:36:09 -0700
v1.12.0-rc.2	0	2018-09-21 14:44:59 -0700
v1.12.1	0	2018-10-05 09:26:06 -0700
v1.12.1-beta.0	0	2018-09-27 16:55:00 +0000
v1.12.10	0	2019-06-30 11:29:44 +0800
v1.12.10-beta.0	0	2019-05-27 15:58:02 +0000
v1.12.11-beta.0	0	2019-07-08 03:40:06 +0000
v1.12.2	0	2018-10-23 22:50:31 -0700
v1.12.2-beta.0	0	2018-10-05 16:35:34 +0000
v1.12.3	0	2018-11-26 04:37:46 -0800
v1.12.3-beta.0	0	2018-10-24 06:43:10 +0000
v1.12.4	0	2018-12-12 20:05:24 -0800
v1.12.4-beta.0	0	2018-11-26 12:46:03 +0000
v1.12.5	0	2019-01-15 08:48:55 -0800
v1.12.5-beta.0	0	2018-12-14 06:58:50 +0000
v1.12.6	0	2019-02-25 23:08:18 -0800
v1.12.6-beta.0	0	2019-01-16 18:13:57 +0000
v1.12.7	0	2019-03-21 21:16:28 -0700
v1.12.7-beta.0	0	2019-02-26 12:48:35 +0000
v1.12.8	0	2019-04-21 23:19:44 -0700
v1.12.8-beta.0	0	2019-03-25 02:41:05 +0000
v1.12.9	0	2019-05-22 22:00:25 -0700
v1.12.9-beta.0	0	2019-04-23 04:40:55 +0000
v1.13.0	0	2018-11-30 23:40:04 +0000
v1.13.0-alpha.0	0	2018-08-14 12:22:04 -0700
v1.13.0-alpha.1	0	2018-10-15 13:53:21 -0700
v1.13.0-alpha.2	0	2018-10-24 02:16:11 -0700
v1.13.0-alpha.3	0	2018-10-31 01:07:32 -0700
v1.13.0-beta.0	0	2018-11-07 18:35:18 +0000
v1.13.0-beta.1	0	2018-11-16 20:31:24 -0800
v1.13.0-beta.2	0	2018-11-22 16:41:00 -0800
v1.13.0-rc.1	0	2018-11-27 18:14:13 -0800
v1.13.0-rc.2	0	2018-11-29 11:01:10 +0800
v1.13.1	0	2018-12-12 05:09:31 -0800
v1.13.1-beta.0	0	2018-12-03 20:55:16 +0000
v1.13.10	0	2019-08-17 14:22:06 -0700
v1.13.10-beta.0	0	2019-08-05 09:13:47 +0000
v1.13.11	0	2019-09-13 15:22:00 -0700
v1.13.11-beta.0	0	2019-08-19 10:24:16 +0000
v1.13.12	0	2019-10-09 02:49:51 -0700
v1.13.12-beta.0	0	2019-09-18 14:16:38 +0000
v1.13.13-beta.0	0	2019-10-15 11:44:23 +0000
v1.13.2	0	2019-01-08 23:56:01 -0800
v1.13.2-beta.0	0	2018-12-13 10:30:46 +0000
v1.13.3	0	2019-02-01 09:40:39 -0800
v1.13.3-beta.0	0	2019-01-10 23:27:25 +0000
v1.13.4	0	2019-02-26 23:10:10 -0800
v1.13.4-beta.0	0	2019-02-01 20:00:10 +0000
v1.13.5	0	2019-03-22 13:31:35 -0700
v1.13.5-beta.0	0	2019-02-28 13:29:36 +0000
v1.13.6	0	2019-05-07 11:14:34 -0700
v1.13.6-beta.0	0	2019-03-25 15:18:31 +0000
v1.13.7	0	2019-06-04 12:13:53 -0700
v1.13.7-beta.0	0	2019-05-08 13:45:41 +0000
v1.13.8	0	2019-07-04 04:22:13 -0700
v1.13.8-beta.0	0	2019-06-06 01:38:50 +0000
v1.13.9	0	2019-08-01 16:55:53 -0700
v1.13.9-beta.0	0	2019-07-08 08:38:16 +0000
v1.14.0	0	2019-03-20 22:51:36 -0700
v1.14.0-alpha.0	0	2018-11-07 09:06:18 -0800
v1.14.0-alpha.1	0	2019-01-15 02:46:36 -0800
v1.14.0-alpha.2	0	2019-01-29 01:21:24 -0800
v1.14.0-alpha.3	0	2019-02-12 00:19:06 -0800
v1.14.0-beta.0	0	2019-02-19 13:55:18 +0000
v1.14.0-beta.1	0	2019-02-26 09:44:59 +0000
v1.14.0-beta.2	0	2019-03-12 09:22:01 +0000
v1.14.0-rc.1	0	2019-03-19 13:07:18 +0000
v1.14.1	0	2019-04-05 15:50:29 -0700
v1.14.1-beta.0	0	2019-03-25 15:44:31 +0000
v1.14.10	0	2019-12-11 12:10:21 +0000
v1.14.10-beta.0	0	2019-11-13 10:48:57 +0000
v1.14.11-beta.0	0	2019-12-11 12:10:21 +0000
v1.14.11-beta.1	0	2019-12-11 13:29:06 +0000
v1.14.2	0	2019-05-14 03:01:17 -0700
v1.14.2-beta.0	0	2019-04-08 17:02:01 +0000
v1.14.3	0	2019-06-04 11:15:53 -0700
v1.14.3-beta.0	0	2019-05-16 16:13:57 +0000
v1.14.4	0	2019-07-04 04:18:13 -0700
v1.14.4-beta.0	0	2019-06-06 01:35:29 +0000
v1.14.5	0	2019-08-01 16:55:53 -0700
v1.14.5-beta.0	0	2019-07-08 08:42:21 +0000
v1.14.6	0	2019-08-16 14:34:12 -0700
v1.14.6-beta.0	0	2019-08-05 09:12:17 +0000
v1.14.7	0	2019-09-13 18:58:40 -0700
v1.14.7-beta.0	0	2019-08-19 10:42:25 +0000
v1.14.8	0	2019-10-11 21:12:38 -0700
v1.14.8-beta.0	0	2019-09-18 14:16:43 +0000
v1.14.9	0	2019-11-08 22:05:39 -0800
v1.14.9-beta.0	0	2019-10-15 11:38:49 +0000
v1.15.0	90	2019-06-14 17:58:09 -0700
v1.15.0-alpha.0	0	2019-02-19 04:55:32 -0800
v1.15.0-alpha.1	0	2019-04-16 13:55:10 -0700
v1.15.0-alpha.2	0	2019-04-29 10:44:20 -0700
v1.15.0-alpha.3	0	2019-05-07 09:52:10 -0700
v1.15.0-beta.0	82	2019-05-14 14:00:22 +0000
v1.15.0-beta.1	82	2019-05-28 13:24:16 +0000
v1.15.0-beta.2	89	2019-06-05 02:16:14 +0000
v1.15.0-rc.1	90	2019-06-11 21:13:00 +0000
v1.15.1	90	2019-07-09 20:26:38 -0700
v1.15.1-beta.0	90	2019-06-19 16:31:22 +0000
v1.15.10	90	2020-02-11 20:04:34 +0000
v1.15.10-beta.0	90	2020-01-18 23:23:34 +0000
v1.15.11	90	2020-03-12 20:59:18 +0000
v1.15.11-beta.0	90	2020-02-11 20:04:35 +0000
v1.15.12	90	2020-05-06 05:09:02 +0000
v1.15.12-beta.0	90	2020-03-12 20:59:18 +0000
v1.15.13-beta.0	90	2020-05-06 05:09:02 +0000
v1.15.2	90	2019-08-01 16:53:52 -0700
v1.15.2-beta.0	90	2019-07-18 09:08:29 +0000
v1.15.3	90	2019-08-16 16:14:10 -0700
v1.15.3-beta.0	90	2019-08-05 09:14:29 +0000
v1.15.4	90	2019-09-13 16:02:00 -0700
v1.15.4-beta.0	90	2019-08-19 10:44:06 +0000
v1.15.5	90	2019-10-11 18:30:40 -0700
v1.15.5-beta.0	90	2019-09-18 14:17:09 +0000
v1.15.6	90	2019-11-08 21:31:39 -0800
v1.15.6-beta.0	90	2019-10-15 18:44:06 +0000
v1.15.7	90	2019-12-11 12:10:55 +0000
v1.15.7-beta.0	90	2019-11-13 10:48:52 +0000
v1.15.8	90	2020-01-10 17:39:50 -0800
v1.15.8-beta.0	90	2019-12-11 12:10:55 +0000
v1.15.8-beta.1	90	2019-12-11 13:30:12 +0000
v1.15.9	90	2020-01-17 15:26:09 -0800
v1.15.9-beta.0	90	2020-01-10 17:39:50 -0800
v1.16.0	95	2019-09-13 14:56:53 +0000
v1.16.0-alpha.0	82	2019-05-14 05:31:14 -0700
v1.16.0-alpha.1	87	2019-07-16 17:37:25 -0700
v1.16.0-alpha.2	90	2019-07-30 03:35:44 -0700
v1.16.0-alpha.3	90	2019-08-07 07:02:50 -0700
v1.16.0-beta.0	91	2019-08-13 09:01:08 +0000
v1.16.0-beta.1	90	2019-08-20 03:48:09 -0400
v1.16.0-beta.2	95	2019-09-04 14:53:14 +0000
v1.16.0-rc.1	95	2019-09-10 03:47:38 +0000
v1.16.0-rc.2	95	2019-09-13 00:34:33 -0700
v1.16.1	95	2019-09-30 21:37:32 -0700
v1.16.1-beta.0	95	2019-09-18 14:01:19 +0000
v1.16.10	95	2020-05-20 13:51:06 +0000
v1.16.10-beta.0	95	2020-04-16 11:35:29 +0000
v1.16.11	95	2020-06-17 11:40:40 +0000
v1.16.11-rc.0	95	2020-05-20 13:51:07 +0000
v1.16.12	95	2020-06-26 03:32:40 +0000
v1.16.12-rc.0	95	2020-06-17 11:40:41 +0000
v1.16.12-rc.1	95	2020-06-25 16:22:59 +0000
v1.16.13	95	2020-07-15 16:09:28 +0000
v1.16.13-rc.0	95	2020-06-26 03:32:41 +0000
v1.16.14	95	2020-08-13 12:24:03 +0000
v1.16.14-rc.0	95	2020-07-15 16:09:29 +0000
v1.16.15	95	2020-09-02 11:30:35 +0000
v1.16.15-rc.0	95	2020-08-13 12:24:04 +0000
v1.16.16-rc.0	95	2020-09-02 11:30:36 +0000
v1.16.2	95	2019-10-11 21:42:37 -0700
v1.16.2-beta.0	95	2019-10-02 16:25:54 +0000
v1.16.3	95	2019-11-10 14:43:36 -0800
v1.16.3-beta.0	95	2019-10-15 18:44:11 +0000
v1.16.4	95	2019-12-11 12:11:07 +0000
v1.16.4-beta.0	95	2019-11-13 10:48:55 +0000
v1.16.5	95	2020-01-10 17:41:37 -0800
v1.16.5-beta.0	95	2019-12-11 12:11:07 +0000
v1.16.5-beta.1	95	2019-12-11 13:35:52 +0000
v1.16.6	95	2020-01-17 15:18:09 -0800
v1.16.6-beta.0	95	2020-01-10 17:41:37 -0800
v1.16.7	95	2020-02-11 19:23:51 +0000
v1.16.7-beta.0	95	2020-01-18 23:22:34 +0000
v1.16.8	95	2020-03-12 20:51:35 +0000
v1.16.8-beta.0	95	2020-02-11 19:23:52 +0000
v1.16.9	95	2020-04-16 11:35:28 +0000
v1.16.9-beta.0	95	2020-03-12 20:51:36 +0000
v1.17.0	99	2019-12-05 17:25:03 -0800
v1.17.0-alpha.0	91	2019-08-13 00:03:39 -0700
v1.17.0-alpha.1	92	2019-10-02 20:52:33 +0000
v1.17.0-alpha.2	92	2019-10-15 01:15:52 -0700
v1.17.0-alpha.3	93	2019-10-22 05:41:21 -0700
v1.17.0-beta.0	94	2019-10-29 16:45:30 +0000
v1.17.0-beta.1	93	2019-11-05 13:52:02 +0000
v1.17.0-beta.2	99	2019-11-17 11:08:01 +0000
v1.17.0-rc.1	99	2019-11-22 16:36:14 +0000
v1.17.0-rc.2	99	2019-12-02 16:44:59 -0800
v1.17.1	99	2020-01-10 17:43:37 -0800
v1.17.1-beta.0	99	2019-12-07 20:50:49 +0000
v1.17.10	99	2020-08-12 20:17:21 +0000
v1.17.10-rc.0	99	2020-07-15 16:09:57 +0000
v1.17.11	99	2020-08-13 15:10:54 +0000
v1.17.11-rc.0	99	2020-08-12 20:17:22 +0000
v1.17.11-rc.1	99	2020-08-12 18:46:14 -0700
v1.17.12	99	2020-09-16 13:31:24 +0000
v1.17.12-rc.0	99	2020-08-13 15:10:55 +0000
v1.17.13	99	2020-10-15 00:58:31 +0000
v1.17.13-rc.0	99	2020-09-16 13:31:24 +0000
v1.17.14	99	2020-11-11 13:03:09 +0000
v1.17.14-rc.0	99	2020-10-15 00:58:32 +0000
v1.17.15	99	2020-12-04 03:38:00 -0800
v1.17.15-rc.0	99	2020-11-11 13:03:10 +0000
v1.17.16	99	2020-12-18 12:06:29 +0000
v1.17.16-rc.0	99	2020-12-04 03:38:00 -0800
v1.17.16-rc.1	99	2020-12-09 12:08:09 +0000
v1.17.17	99	2021-01-13 13:12:19 +0000
v1.17.17-rc.0	99	2020-12-18 12:06:29 +0000
v1.17.18-rc.0	99	2021-01-13 13:12:20 +0000
v1.17.2	99	2020-01-17 16:18:09 -0800
v1.17.2-beta.0	99	2020-01-14 21:38:56 +0000
v1.17.3	99	2020-02-11 18:06:26 +0000
v1.17.3-beta.0	99	2020-01-18 23:21:44 +0000
v1.17.4	99	2020-03-12 20:54:31 +0000
v1.17.4-beta.0	99	2020-02-11 18:06:26 +0000
v1.17.5	99	2020-04-16 11:34:57 +0000
v1.17.5-beta.0	99	2020-03-12 20:54:32 +0000
v1.17.6	99	2020-05-20 13:07:45 +0000
v1.17.6-beta.0	99	2020-04-16 11:34:58 +0000
v1.17.7	99	2020-06-17 11:31:31 +0000
v1.17.7-rc.0	99	2020-05-20 13:07:45 +0000
v1.17.8	99	2020-06-26 03:35:14 +0000
v1.17.8-rc.0	99	2020-06-17 11:31:32 +0000
v1.17.8-rc.1	99	2020-06-25 16:18:15 +0000
v1.17.9	99	2020-07-15 16:09:57 +0000
v1.17.9-rc.0	99	2020-06-26 03:35:15 +0000
v1.18.0	100	2020-03-25 14:49:52 +0000
v1.18.0-alpha.0	94	2019-10-29 08:22:43 -0700
v1.18.0-alpha.1	99	2019-12-18 00:58:20 -0800
v1.18.0-alpha.2	97	2020-01-21 01:30:09 -0800
v1.18.0-alpha.3	92	2020-02-04 16:31:11 +0000
v1.18.0-alpha.4	93	2020-02-12 07:48:52 -0800
v1.18.0-alpha.5	93	2020-02-12 10:36:51 -0800
v1.18.0-beta.0	94	2020-02-18 17:07:45 +0000
v1.18.0-beta.1	96	2020-02-26 12:34:27 +0000
v1.18.0-beta.2	99	2020-03-10 19:31:34 +0000
v1.18.0-rc.1	100	2020-03-17 17:08:12 +0000
v1.18.1	100	2020-04-08 17:29:55 +0000
v1.18.1-beta.0	100	2020-03-25 14:49:52 +0000
v1.18.10	100	2020-10-15 01:43:02 +0000
v1.18.10-rc.0	100	2020-09-16 13:46:49 +0000
v1.18.11	100	2020-11-11 13:09:50 +0000
v1.18.11-rc.0	100	2020-10-15 01:43:03 +0000
v1.18.12	100	2020-11-12 09:10:25 +0000
v1.18.12-rc.1	100	2020-11-05 12:40:51 -0800
v1.18.13	100	2020-12-04 03:41:59 -0800
v1.18.13-rc.0	100	2020-11-12 09:10:26 +0000
v1.18.14	100	2020-12-18 12:01:50 +0000
v1.18.14-rc.0	100	2020-12-04 03:41:59 -0800
v1.18.14-rc.1	100	2020-12-09 12:17:14 +0000
v1.18.15	100	2021-01-13 13:13:20 +0000
v1.18.15-rc.0	100	2020-12-18 12:01:51 +0000
v1.18.16	100	2021-02-17 11:51:44 +0000
v1.18.16-rc.0	100	2021-01-13 13:13:20 +0000
v1.18.17	100	2021-03-18 00:53:18 +0000
v1.18.17-rc.0	100	2021-02-17 11:51:44 +0000
v1.18.18	100	2021-04-15 03:22:57 +0000
v1.18.18-rc.0	100	2021-03-18 00:53:18 +0000
v1.18.19	100	2021-05-12 11:21:13 +0000
v1.18.19-rc.0	100	2021-04-15 03:22:57 +0000
v1.18.2	100	2020-04-16 11:47:43 +0000
v1.18.2-beta.0	100	2020-04-08 17:29:55 +0000
v1.18.20	100	2021-06-16 12:50:36 +0000
v1.18.20-rc.0	100	2021-05-12 11:21:13 +0000
v1.18.21-rc.0	100	2021-06-16 12:50:37 +0000
v1.18.3	100	2020-05-20 12:42:40 +0000
v1.18.3-beta.0	100	2020-04-16 11:47:44 +0000
v1.18.4	100	2020-06-17 11:33:09 +0000
v1.18.4-rc.0	100	2020-05-20 12:42:41 +0000
v1.18.5	100	2020-06-26 03:38:30 +0000
v1.18.5-rc.0	100	2020-06-17 11:33:10 +0000
v1.18.5-rc.1	100	2020-06-25 16:20:01 +0000
v1.18.6	100	2020-07-15 16:50:12 +0000
v1.18.6-rc.0	100	2020-06-26 03:38:31 +0000
v1.18.7	100	2020-08-12 20:18:34 +0000
v1.18.7-rc.0	100	2020-07-15 16:50:13 +0000
v1.18.8	100	2020-08-13 16:03:25 +0000
v1.18.8-rc.0	100	2020-08-12 20:18:35 +0000
v1.18.8-rc.1	100	2020-08-12 19:26:14 -0700
v1.18.9	100	2020-09-16 13:46:48 +0000
v1.18.9-rc.0	100	2020-08-13 16:03:26 +0000
v1.19.0	106	2020-08-26 14:22:05 +0000
v1.19.0-alpha.0	94	2020-02-18 07:35:29 -0800
v1.19.0-alpha.1	100	2020-03-25 16:34:25 -0700
v1.19.0-alpha.2	98	2020-04-21 09:18:59 -0700
v1.19.0-alpha.3	98	2020-05-05 05:59:08 -0700
v1.19.0-beta.0	98	2020-05-19 00:51:40 -0700
v1.19.0-beta.1	97	2020-06-03 19:20:43 -0700
v1.19.0-beta.2	97	2020-06-12 02:24:35 -0700
v1.19.0-rc.0	103	2020-07-09 20:21:50 +0000
v1.19.0-rc.1	104	2020-07-14 15:03:52 +0000
v1.19.0-rc.2	105	2020-07-21 17:31:21 +0000
v1.19.0-rc.3	106	2020-07-29 08:35:52 +0000
v1.19.0-rc.4	106	2020-08-04 14:20:48 +0000
v1.19.1	106	2020-09-09 11:17:20 +0000
v1.19.1-rc.0	106	2020-08-26 14:22:05 +0000
v1.19.10	106	2021-04-15 03:19:31 +0000
v1.19.10-rc.0	106	2021-03-18 00:59:06 +0000
v1.19.11	106	2021-05-12 12:18:29 +0000
v1.19.11-rc.0	106	2021-04-15 03:19:32 +0000
v1.19.12	106	2021-06-16 12:51:51 +0000
v1.19.12-rc.0	106	2021-05-12 12:18:30 +0000
v1.19.13	106	2021-07-15 20:52:27 +0000
v1.19.13-rc.0	106	2021-06-16 12:51:51 +0000
v1.19.14	106	2021-08-11 18:01:23 +0000
v1.19.14-rc.0	106	2021-07-15 20:52:27 +0000
v1.19.15	106	2021-09-15 19:17:05 +0000
v1.19.15-rc.0	106	2021-08-11 18:01:23 +0000
v1.19.16	106	2021-10-27 16:19:16 +0000
v1.19.16-rc.0	106	2021-09-15 19:17:05 +0000
v1.19.17-rc.0	106	2021-10-27 16:19:16 +0000
v1.19.2	106	2020-09-16 13:31:56 +0000
v1.19.2-rc.0	106	2020-09-09 11:17:21 +0000
v1.19.3	106	2020-10-14 12:39:37 +0000
v1.19.3-rc.0	106	2020-09-16 13:31:56 +0000
v1.19.4	106	2020-11-11 13:08:20 +0000
v1.19.4-rc.0	106	2020-10-14 12:39:37 +0000
v1.19.5	106	2020-12-04 06:47:59 -0800
v1.19.5-rc.0	106	2020-11-11 13:08:21 +0000
v1.19.6	106	2020-12-18 12:00:42 +0000
v1.19.6-rc.0	106	2020-12-04 06:47:59 -0800
v1.19.6-rc.1	106	2020-12-09 12:05:20 +0000
v1.19.7	106	2021-01-13 13:14:25 +0000
v1.19.7-rc.0	106	2020-12-18 12:00:42 +0000
v1.19.8	106	2021-02-17 12:32:07 +0000
v1.19.8-rc.0	106	2021-01-13 13:14:26 +0000
v1.19.9	106	2021-03-18 00:59:06 +0000
v1.19.9-rc.0	106	2021-02-17 12:32:08 +0000
v1.2.0	0	2016-03-16 15:01:03 -0700
v1.2.0-alpha.0	0	2015-09-25 16:39:36 -0700
v1.2.0-alpha.1	0	2015-09-25 15:26:22 -0700
v1.2.0-alpha.2	0	2015-10-19 08:03:15 -0700
v1.2.0-alpha.3	0	2015-11-03 01:10:13 -0800
v1.2.0-alpha.4	0	2015-11-24 21:14:58 -0800
v1.2.0-alpha.5	0	2015-12-14 20:42:53 -0800
v1.2.0-alpha.6	0	2016-01-13 02:12:44 -0800
v1.2.0-alpha.7	0	2016-02-02 01:43:24 -0800
v1.2.0-alpha.8	0	2016-02-19 15:48:32 -0800
v1.2.0-beta.0	0	2016-03-04 15:53:17 -0800
v1.2.0-beta.1	0	2016-03-11 14:41:24 -0800
v1.2.1	0	2016-04-01 11:10:15 -0700
v1.2.1-beta.0	0	2016-03-16 15:01:09 -0700
v1.2.2	0	2016-04-07 17:39:24 -0700
v1.2.2-beta.0	0	2016-04-01 11:10:17 -0700
v1.2.3	0	2016-04-22 14:24:26 -0700
v1.2.3-beta.0	0	2016-04-07 17:39:26 -0700
v1.2.4	0	2016-05-06 10:43:13 -0700
v1.2.4-beta.0	0	2016-04-22 14:30:03 -0700
v1.2.5	0	2016-06-27 11:10:16 -0700
v1.2.5-beta.0	0	2016-05-06 10:48:35 -0700
v1.2.6	0	2016-07-15 09:26:35 -0700
v1.2.6-beta.0	0	2016-06-27 11:15:13 -0700
v1.2.7	0	2016-10-22 13:23:08 -0700
v1.2.7-beta.0	0	2016-07-15 09:31:47 -0700
v1.2.8-beta.0	0	2016-10-22 13:28:11 -0700
v1.20.0	118	2020-12-04 13:45:25 -0800
v1.20.0-alpha.0	103	2020-07-09 09:10:20 -0700
v1.20.0-alpha.1	104	2020-09-22 02:04:49 -0700
v1.20.0-alpha.2	105	2020-10-08 19:31:05 -0700
v1.20.0-alpha.3	105	2020-10-19 21:00:08 -0700
v1.20.0-beta.0	106	2020-10-27 15:32:11 -0700
v1.20.0-beta.1	106	2020-11-03 01:26:15 -0800
v1.20.0-beta.2	118	2020-11-17 13:22:17 -0800
v1.20.0-rc.0	118	2020-12-01 10:28:39 +0000
v1.20.1	118	2020-12-18 11:59:49 +0000
v1.20.1-rc.0	118	2020-12-04 13:45:25 -0800
v1.20.1-rc.1	118	2020-12-08 18:46:42 +0000
v1.20.10	118	2021-08-11 17:59:34 +0000
v1.20.10-rc.0	118	2021-07-15 20:55:42 +0000
v1.20.11	118	2021-09-15 19:15:26 +0000
v1.20.11-rc.0	118	2021-08-11 17:59:35 +0000
v1.20.12	118	2021-10-27 17:06:19 +0000
v1.20.12-rc.0	118	2021-09-15 19:15:26 +0000
v1.20.13	118	2021-11-17 12:59:30 +0000
v1.20.13-rc.0	118	2021-10-27 17:06:20 +0000
v1.20.14	118	2021-12-15 14:46:10 +0000
v1.20.14-rc.0	118	2021-11-17 12:59:30 +0000
v1.20.15	118	2022-01-19 17:22:08 +0000
v1.20.15-rc.0	118	2021-12-15 14:46:10 +0000
v1.20.16-rc.0	118	2022-01-19 17:22:09 +0000
v1.20.2	118	2021-01-13 13:19:01 +0000
v1.20.2-rc.0	118	2020-12-18 11:59:49 +0000
v1.20.3	118	2021-02-17 12:34:50 +0000
v1.20.3-rc.0	118	2021-01-13 13:19:02 +0000
v1.20.4	118	2021-02-18 16:02:01 +0000
v1.20.4-rc.0	118	2021-02-17 12:34:51 +0000
v1.20.5	118	2021-03-18 01:01:01 +0000
v1.20.5-rc.0	118	2021-02-18 16:02:01 +0000
v1.20.6	118	2021-04-15 03:18:43 +0000
v1.20.6-rc.0	118	2021-03-18 01:01:01 +0000
v1.20.7	118	2021-05-12 12:31:56 +0000
v1.20.7-rc.0	118	2021-04-15 03:18:44 +0000
v1.20.8	118	2021-06-16 12:52:10 +0000
v1.20.8-rc.0	118	2021-05-12 12:31:56 +0000
v1.20.9	118	2021-07-15 20:55:42 +0000
v1.20.9-rc.0	118	2021-06-16 12:52:10 +0000
v1.21.0	125	2021-04-08 16:24:05 +0000
v1.21.0-alpha.0	118	2020-11-30 18:04:50 -0800
v1.21.0-alpha.1	114	2021-01-13 18:49:23 +0000
v1.21.0-alpha.2	111	2021-01-26 09:41:11 -0800
v1.21.0-alpha.3	112	2021-02-09 00:46:10 -0800
v1.21.0-beta.0	110	2021-02-23 09:22:02 -0800
v1.21.0-beta.1	121	2021-03-08 22:53:38 -0800
v1.21.0-rc.0	125	2021-03-26 21:43:26 +0000
v1.21.1	125	2021-05-12 14:11:29 +0000
v1.21.1-rc.0	125	2021-04-08 16:24:05 +0000
v1.21.10	125	2022-02-16 11:17:16 +0000
v1.21.10-rc.0	125	2022-01-19 17:44:58 +0000
v1.21.11	125	2022-03-16 14:01:10 +0000
v1.21.11-rc.0	125	2022-02-16 11:17:17 +0000
v1.21.12	125	2022-04-13 19:00:11 +0000
v1.21.12-rc.0	125	2022-03-16 14:01:10 +0000
v1.21.13	125	2022-05-24 12:33:36 +0000
v1.21.13-rc.0	125	2022-04-13 19:00:11 +0000
v1.21.14	125	2022-06-15 14:10:35 +0000
v1.21.14-rc.0	125	2022-05-24 12:33:37 +0000
v1.21.15-rc.0	125	2022-06-15 14:10:35 +0000
v1.21.2	125	2021-06-16 12:52:14 +0000
v1.21.2-rc.0	125	2021-05-12 14:11:29 +0000
v1.21.3	125	2021-07-15 20:58:09 +0000
v1.21.3-rc.0	125	2021-06-16 12:52:14 +0000
v1.21.4	125	2021-08-11 18:09:23 +0000
v1.21.4-rc.0	125	2021-07-15 20:58:09 +0000
v1.21.5	125	2021-09-15 21:03:15 +0000
v1.21.5-rc.0	125	2021-08-11 18:09:23 +0000
v1.21.6	125	2021-10-27 17:43:25 +0000
v1.21.6-rc.0	125	2021-09-15 21:03:15 +0000
v1.21.7	125	2021-11-17 14:34:38 +0000
v1.21.7-rc.0	125	2021-10-27 17:43:26 +0000
v1.21.8	125	2021-12-15 14:45:23 +0000
v1.21.8-rc.0	125	2021-11-17 14:34:38 +0000
v1.21.9	125	2022-01-19 17:44:58 +0000
v1.21.9-rc.0	125	2021-12-15 14:45:23 +0000
v1.22.0	128	2021-08-04 17:56:19 +0000
v1.22.0-alpha.0	125	2021-03-26 11:26:43 -0700
v1.22.0-alpha.1	123	2021-04-28 10:33:15 -0700
v1.22.0-alpha.2	121	2021-05-20 14:16:36 -0700
v1.22.0-alpha.3	122	2021-06-08 07:27:14 -0700
v1.22.0-beta.0	118	2021-06-22 09:29:58 -0700
v1.22.0-beta.1	126	2021-07-08 01:56:53 -0700
v1.22.0-beta.2	129	2021-07-14 09:02:28 -0700
v1.22.0-rc.0	128	2021-07-21 02:10:16 +0000
v1.22.1	128	2021-08-19 15:38:26 +0000
v1.22.1-rc.0	128	2021-08-04 17:56:19 +0000
v1.22.10	128	2022-05-24 12:49:54 +0000
v1.22.10-rc.0	128	2022-04-13 19:51:03 +0000
v1.22.11	128	2022-06-16 05:33:01 +0000
v1.22.11-rc.0	128	2022-05-24 12:49:54 +0000
v1.22.12	128	2022-07-13 14:52:41 +0000
v1.22.12-rc.0	128	2022-06-16 05:33:01 +0000
v1.22.13	128	2022-08-17 18:22:57 +0000
v1.22.13-rc.0	128	2022-07-13 14:52:41 +0000
v1.22.14	128	2022-09-14 22:35:04 +0000
v1.22.14-rc.0	128	2022-08-17 18:22:57 +0000
v1.22.15	128	2022-09-21 12:11:27 +0000
v1.22.15-rc.0	128	2022-09-14 22:35:04 +0000
v1.22.16	128	2022-11-09 13:30:52 +0000
v1.22.16-rc.0	128	2022-09-21 12:11:27 +0000
v1.22.17	128	2022-12-08 11:41:04 +0000
v1.22.17-rc.0	128	2022-11-09 13:30:53 +0000
v1.22.18-rc.0	128	2022-12-08 11:41:05 +0000
v1.22.2	128	2021-09-15 21:31:32 +0000
v1.22.2-rc.0	128	2021-08-19 15:38:26 +0000
v1.22.3	128	2021-10-27 18:34:20 +0000
v1.22.3-rc.0	128	2021-09-15 21:31:32 +0000
v1.22.4	128	2021-11-17 15:41:42 +0000
v1.22.4-rc.0	128	2021-10-27 18:34:20 +0000
v1.22.5	128	2021-12-16 08:31:26 +0000
v1.22.5-rc.0	128	2021-11-17 15:41:42 +0000
v1.22.6	128	2022-01-19 17:25:43 +0000
v1.22.6-rc.0	128	2021-12-16 08:31:27 +0000
v1.22.7	128	2022-02-16 11:42:52 +0000
v1.22.7-rc.0	128	2022-01-19 17:25:44 +0000
v1.22.8	128	2022-03-16 14:03:36 +0000
v1.22.8-rc.0	128	2022-02-16 11:42:52 +0000
v1.22.9	128	2022-04-13 19:51:03 +0000
v1.22.9-rc.0	128	2022-03-16 14:03:37 +0000
v1.23.0	139	2021-12-07 18:08:39 +0000
v1.23.0-alpha.0	128	2021-07-20 15:21:26 -0700
v1.23.0-alpha.1	125	2021-08-19 02:51:36 -0700
v1.23.0-alpha.2	125	2021-09-14 11:30:05 -0700
v1.23.0-alpha.3	122	2021-09-28 00:20:42 -0700
v1.23.0-alpha.4	129	2021-11-02 16:56:57 -0700
v1.23.0-beta.0	135	2021-11-17 09:25:54 -0800
v1.23.0-rc.0	139	2021-11-24 05:23:16 +0000
v1.23.0-rc.1	139	2021-12-04 06:18:33 +0000
v1.23.1	139	2021-12-16 11:33:37 +0000
v1.23.1-rc.0	139	2021-12-07 18:08:39 +0000
v1.23.10	139	2022-08-17 18:25:50 +0000
v1.23.10-rc.0	139	2022-07-13 14:18:43 +0000
v1.23.11	139	2022-09-14 16:31:19 +0000
v1.23.11-rc.0	139	2022-08-17 18:25:50 +0000
v1.23.12	139	2022-09-21 12:11:42 +0000
v1.23.12-rc.0	139	2022-09-14 16:31:20 +0000
v1.23.13	139	2022-10-12 10:49:33 +0000
v1.23.13-rc.0	139	2022-09-21 12:11:43 +0000
v1.23.14	139	2022-11-09 13:31:23 +0000
v1.23.14-rc.0	139	2022-10-12 10:49:34 +0000
v1.23.15	139	2022-12-08 10:41:43 +0000
v1.23.15-rc.0	139	2022-11-09 13:31:24 +0000
v1.23.16	139	2023-01-18 15:53:08 +0000
v1.23.16-rc.0	139	2022-12-08 10:41:44 +0000
v1.23.17	139	2023-02-22 13:26:30 +0000
v1.23.17-rc.0	139	2023-01-18 15:53:08 +0000
v1.23.18-rc.0	139	2023-02-22 13:26:30 +0000
v1.23.2	139	2022-01-19 17:27:51 +0000
v1.23.2-rc.0	139	2021-12-16 11:33:38 +0000
v1.23.3	139	2022-01-25 21:17:57 +0000
v1.23.3-rc.0	139	2022-01-19 17:27:52 +0000
v1.23.4	139	2022-02-16 12:30:48 +0000
v1.23.4-rc.0	139	2022-01-25 21:17:57 +0000
v1.23.5	139	2022-03-16 15:51:05 +0000
v1.23.5-rc.0	139	2022-02-16 12:30:48 +0000
v1.23.6	139	2022-04-14 08:41:58 +0000
v1.23.6-rc.0	139	2022-03-16 15:51:05 +0000
v1.23.7	139	2022-05-24 12:23:29 +0000
v1.23.7-rc.0	139	2022-04-14 08:41:59 +0000
v1.23.8	139	2022-06-16 05:50:23 +0000
v1.23.8-rc.0	139	2022-05-24 12:23:29 +0000
v1.23.9	139	2022-07-13 14:18:43 +0000
v1.23.9-rc.0	139	2022-06-16 05:50:24 +0000
v1.24.0	139	2022-05-03 13:36:49 +0000
v1.24.0-alpha.0	139	2021-11-23 17:52:20 -0800
v1.24.0-alpha.1	138	2021-12-08 12:51:46 -0800
v1.24.0-alpha.2	135	2022-02-01 00:14:18 -0800
v1.24.0-alpha.3	134	2022-02-15 08:04:03 -0800
v1.24.0-alpha.4	133	2022-03-22 01:01:44 -0700
v1.24.0-beta.0	140	2022-03-30 19:39:00 -0700
v1.24.0-rc.0	139	2022-04-19 15:23:59 +0000
v1.24.0-rc.1	139	2022-04-26 16:18:14 +0000
v1.24.1	139	2022-05-24 12:17:11 +0000
v1.24.1-rc.0	139	2022-05-03 13:36:49 +0000
v1.24.10	139	2023-01-18 19:06:29 +0000
v1.24.10-rc.0	139	2022-12-08 10:06:35 +0000
v1.24.11	139	2023-02-22 13:30:27 +0000
v1.24.11-rc.0	139	2023-01-18 19:06:29 +0000
v1.24.12	139	2023-03-15 13:28:46 +0000
v1.24.12-rc.0	139	2023-02-22 13:30:28 +0000
v1.24.13	139	2023-04-12 12:06:37 +0000
v1.24.14	139	2023-05-17 16:18:58 +0000
v1.24.15	139	2023-06-14 09:46:52 +0000
v1.24.16	139	2023-07-19 12:17:26 +0000
v1.24.17	139	2023-08-23 23:35:27 +0000
v1.24.2	139	2022-06-15 14:14:10 +0000
v1.24.2-rc.0	139	2022-05-24 12:17:11 +0000
v1.24.3	139	2022-07-13 14:21:56 +0000
v1.24.3-rc.0	139	2022-06-15 14:14:10 +0000
v1.24.4	139	2022-08-17 18:46:11 +0000
v1.24.4-rc.0	139	2022-07-13 14:21:56 +0000
v1.24.5	139	2022-09-14 16:34:14 +0000
v1.24.5-rc.0	139	2022-08-17 18:46:11 +0000
v1.24.6	139	2022-09-21 13:10:31 +0000
v1.24.6-rc.0	139	2022-09-14 16:34:14 +0000
v1.24.7	139	2022-10-12 10:48:53 +0000
v1.24.7-rc.0	139	2022-09-21 13:10:31 +0000
v1.24.8	139	2022-11-09 13:30:14 +0000
v1.24.8-rc.0	139	2022-10-12 10:48:53 +0000
v1.24.9	139	2022-12-08 10:06:34 +0000
v1.24.9-rc.0	139	2022-11-09 13:30:14 +0000
v1.25.0	142	2022-08-23 17:36:43 +0000
v1.25.0-alpha.0	139	2022-04-15 06:43:09 -0700
v1.25.0-alpha.1	127	2022-06-15 09:01:18 -0700
v1.25.0-alpha.2	130	2022-06-28 04:37:57 -0700
v1.25.0-alpha.3	131	2022-07-19 06:54:06 -0700
v1.25.0-beta.0	140	2022-08-04 10:25:58 -0700
v1.25.0-rc.0	142	2022-08-09 18:19:54 +0000
v1.25.0-rc.1	142	2022-08-16 17:02:13 +0000
v1.25.1	142	2022-09-14 19:40:59 +0000
v1.25.1-rc.0	142	2022-08-23 17:36:43 +0000
v1.25.10	142	2023-05-17 14:05:24 +0000
v1.25.11	142	2023-06-14 09:47:35 +0000
v1.25.12	142	2023-07-19 12:16:06 +0000
v1.25.13	142	2023-08-23 23:52:37 +0000
v1.25.14	142	2023-09-13 09:02:53 +0000
v1.25.15	143	2023-10-18 13:27:26 +0000
v1.25.16	143	2023-11-15 22:26:37 +0000
v1.25.2	142	2022-09-21 14:25:45 +0000
v1.25.2-rc.0	142	2022-09-14 19:40:59 +0000
v1.25.3	142	2022-10-12 10:47:25 +0000
v1.25.3-rc.0	142	2022-09-21 14:25:46 +0000
v1.25.4	142	2022-11-09 13:28:30 +0000
v1.25.4-rc.0	142	2022-10-12 10:47:25 +0000
v1.25.5	142	2022-12-08 10:06:36 +0000
v1.25.5-rc.0	142	2022-11-09 13:28:31 +0000
v1.25.6	142	2023-01-18 19:13:56 +0000
v1.25.6-rc.0	142	2022-12-08 10:06:36 +0000
v1.25.7	142	2023-02-22 13:56:50 +0000
v1.25.7-rc.0	142	2023-01-18 19:13:56 +0000
v1.25.8	142	2023-03-15 13:31:32 +0000
v1.25.8-rc.0	142	2023-02-22 13:56:51 +0000
v1.25.9	142	2023-04-12 12:06:19 +0000
v1.26.0	147	2022-12-08 19:51:43 +0000
v1.26.0-alpha.0	142	2022-08-09 07:00:50 -0700
v1.26.0-alpha.1	137	2022-09-20 05:03:20 -0700
v1.26.0-alpha.2	134	2022-10-11 07:09:02 -0700
v1.26.0-alpha.3	135	2022-11-01 07:06:44 -0700
v1.26.0-beta.0	144	2022-11-10 17:30:13 +0000
v1.26.0-rc.0	147	2022-11-15 15:42:31 +0000
v1.26.0-rc.1	147	2022-11-30 16:36:34 +0000
v1.26.1	147	2023-01-18 15:51:24 +0000
v1.26.1-rc.0	147	2022-12-08 19:51:44 +0000
v1.26.10	148	2023-10-18 11:33:35 +0000
v1.26.11	148	2023-11-15 16:50:11 +0000
v1.26.12	148	2023-12-19 13:32:15 +0000
v1.26.13	148	2024-01-17 13:37:05 +0000
v1.26.14	148	2024-02-14 10:31:32 +0000
v1.26.15	148	2024-03-14 00:54:25 +0000
v1.26.2	147	2023-02-22 13:32:21 +0000
v1.26.2-rc.0	147	2023-01-18 15:51:25 +0000
v1.26.3	147	2023-03-15 13:33:11 +0000
v1.26.3-rc.0	147	2023-02-22 13:32:21 +0000
v1.26.4	147	2023-04-12 12:05:34 +0000
v1.26.5	147	2023-05-17 14:08:49 +0000
v1.26.6	147	2023-06-14 09:49:06 +0000
v1.26.7	147	2023-07-19 12:16:44 +0000
v1.26.8	147	2023-08-24 00:43:06 +0000
v1.26.9	147	2023-09-13 11:25:25 +0000
v1.27.0	147	2023-04-11 17:04:23 +0000
v1.27.0-alpha.0	147	2022-11-14 17:18:42 -0800
v1.27.0-alpha.1	136	2023-01-24 03:58:27 -0800
v1.27.0-alpha.2	136	2023-02-14 12:46:02 -0800
v1.27.0-alpha.3	139	2023-03-02 12:48:56 -0800
v1.27.0-beta.0	147	2023-03-16 11:13:20 -0700
v1.27.0-rc.0	147	2023-03-23 18:59:05 +0000
v1.27.0-rc.1	147	2023-04-06 19:52:26 +0000
v1.27.1	147	2023-04-14 13:14:41 +0000
v1.27.10	148	2024-01-17 13:38:41 +0000
v1.27.11	148	2024-02-14 10:31:54 +0000
v1.27.12	148	2024-03-15 02:06:13 +0000
v1.27.13	149	2024-04-16 14:57:22 +0000
v1.27.14	149	2024-05-14 10:44:34 +0000
v1.27.15	149	2024-06-11 19:56:00 +0000
v1.27.16	149	2024-07-17 01:44:24 +0000
v1.27.2	147	2023-05-17 14:13:27 +0000
v1.27.3	147	2023-06-14 09:47:38 +0000
v1.27.4	147	2023-07-19 12:14:48 +0000
v1.27.5	147	2023-08-24 00:42:11 +0000
v1.27.6	147	2023-09-13 09:14:07 +0000
v1.27.7	148	2023-10-18 11:33:21 +0000
v1.27.8	148	2023-11-15 16:50:08 +0000
v1.27.9	148	2023-12-19 13:32:13 +0000
v1.28.0	151	2023-08-15 10:15:49 +0000
v1.28.0-alpha.0	147	2023-03-23 09:04:33 -0700
v1.28.0-alpha.1	136	2023-05-30 10:14:02 -0700
v1.28.0-alpha.2	137	2023-06-08 10:26:13 -0700
v1.28.0-alpha.3	137	2023-06-20 04:52:21 -0700
v1.28.0-alpha.4	135	2023-07-06 11:33:03 -0700
v1.28.0-beta.0	150	2023-07-20 18:28:07 -0700
v1.28.0-rc.0	152	2023-07-25 18:59:04 +0000
v1.28.0-rc.1	151	2023-08-10 20:33:37 +0000
v1.28.1	151	2023-08-24 11:16:29 +0000
v1.28.10	154	2024-05-14 10:44:00 +0000
v1.28.11	154	2024-06-11 20:11:26 +0000
v1.28.12	154	2024-07-16 23:50:54 +0000
v1.28.13	154	2024-08-14 19:44:18 +0000
v1.28.14	154	2024-09-11 08:21:25 +0000
v1.28.15	154	2024-10-22 20:26:26 +0000
v1.28.2	151	2023-09-13 09:29:06 +0000
v1.28.3	152	2023-10-18 11:33:16 +0000
v1.28.4	152	2023-11-15 16:48:52 +0000
v1.28.5	152	2023-12-19 13:32:51 +0000
v1.28.6	152	2024-01-17 13:38:58 +0000
v1.28.7	152	2024-02-14 10:32:12 +0000
v1.28.8	153	2024-03-15 00:00:00 +0000
v1.28.9	154	2024-04-16 14:59:05 +0000
v1.29.0	164	2023-12-13 08:45:02 +0000
v1.29.0-alpha.0	152	2023-07-24 17:56:03 -0700
v1.29.0-alpha.1	154	2023-09-25 04:32:58 -0700
v1.29.0-alpha.2	154	2023-10-10 15:50:41 +0200
v1.29.0-alpha.3	162	2023-11-02 14:44:47 +0100
v1.29.0-rc.0	164	2023-11-21 18:21:14 +0000
v1.29.0-rc.1	164	2023-11-28 10:04:05 +0000
v1.29.0-rc.2	164	2023-12-07 11:28:02 +0000
v1.29.1	164	2024-01-17 15:41:11 +0000
v1.29.10	166	2024-10-22 20:27:05 +0000
v1.29.11	166	2024-11-20 13:40:02 +0000
v1.29.12	166	2024-12-10 11:27:07 +0000
v1.29.13	166	2025-01-15 14:33:42 +0000
v1.29.14	166	2025-02-12 21:25:34 +0000
v1.29.15	166	2025-03-11 17:41:05 +0000
v1.29.2	164	2024-02-14 10:32:39 +0000
v1.29.3	165	2024-03-14 23:58:34 +0000
v1.29.4	166	2024-04-16 15:00:24 +0000
v1.29.5	166	2024-05-14 10:39:37 +0000
v1.29.6	166	2024-06-11 20:17:06 +0000
v1.29.7	166	2024-07-16 23:57:46 +0000
v1.29.8	166	2024-08-14 19:42:58 +0000
v1.29.9	166	2024-09-11 20:19:52 +0000
v1.3.0	0	2016-07-01 12:19:06 -0700
v1.3.0-alpha.0	0	2016-03-04 10:55:12 -0800
v1.3.0-alpha.1	0	2016-03-28 20:35:28 -0700
v1.3.0-alpha.2	0	2016-04-11 06:18:51 -0700
v1.3.0-alpha.3	0	2016-04-26 13:00:23 -0700
v1.3.0-alpha.4	0	2016-05-17 15:21:14 +0200
v1.3.0-alpha.5	0	2016-06-02 08:54:40 -0700
v1.3.0-beta.0	0	2016-06-10 14:39:42 -0700
v1.3.0-beta.1	0	2016-06-16 17:53:11 -0700
v1.3.0-beta.2	0	2016-06-21 13:30:20 -0700
v1.3.0-beta.3	0	2016-06-30 17:30:46 -0700
v1.3.1	0	2016-07-17 10:46:47 -0700
v1.3.1-beta.0	0	2016-07-01 12:38:57 -0700
v1.3.1-beta.1	0	2016-07-15 16:37:43 -0700
v1.3.10	0	2016-10-31 14:06:11 -0700
v1.3.10-beta.0	0	2016-10-20 14:34:51 -0700
v1.3.11-beta.0	0	2016-10-31 14:42:14 -0700
v1.3.2	0	2016-07-17 11:23:45 -0700
v1.3.2-beta.0	0	2016-07-15 16:57:00 -0700
v1.3.3	0	2016-07-22 13:22:11 -0700
v1.3.3-beta.0	0	2016-07-17 11:41:44 -0700
v1.3.4	0	2016-08-01 09:37:41 -0700
v1.3.4-beta.0	0	2016-07-22 13:41:56 -0700
v1.3.5	0	2016-08-11 13:21:45 -0700
v1.3.5-beta.0	0	2016-08-01 09:56:31 -0700
v1.3.6	0	2016-08-26 11:05:52 -0700
v1.3.6-beta.0	0	2016-08-11 13:40:58 -0700
v1.3.7	0	2016-09-12 16:08:29 -0700
v1.3.7-beta.0	0	2016-08-26 11:25:25 -0700
v1.3.8	0	2016-09-27 19:52:03 -0700
v1.3.8-beta.0	0	2016-09-12 16:26:53 -0700
v1.3.9	0	2016-10-20 13:36:05 -0700
v1.3.9-beta.0	0	2016-09-27 20:22:19 -0700
v1.30.0	168	2024-04-17 17:27:02 +0000
v1.30.0-alpha.0	164	2023-11-20 17:11:03 +0100
v1.30.0-alpha.1	154	2024-01-30 04:19:26 -0800
v1.30.0-alpha.2	153	2024-02-13 09:33:26 -0800
v1.30.0-alpha.3	157	2024-02-27 05:14:58 -0800
v1.30.0-beta.0	167	2024-03-12 08:34:13 -0700
v1.30.0-rc.0	168	2024-03-26 19:55:07 +0000
v1.30.0-rc.1	168	2024-04-02 19:02:58 +0000
v1.30.0-rc.2	168	2024-04-11 16:36:57 +0000
v1.30.1	168	2024-05-14 10:42:02 +0000
v1.30.10	170	2025-02-12 21:24:57 +0000
v1.30.11	171	2025-03-11 19:51:05 +0000
v1.30.12	171	2025-04-22 15:58:21 +0000
v1.30.13	171	2025-05-15 09:47:44 +0000
v1.30.14	171	2025-06-17 18:29:19 +0000
v1.30.2	170	2024-06-11 20:20:59 +0000
v1.30.3	170	2024-07-16 23:48:11 +0000
v1.30.4	170	2024-08-14 18:57:33 +0000
v1.30.5	170	2024-09-12 00:11:54 +0000
v1.30.6	170	2024-10-22 20:26:47 +0000
v1.30.7	170	2024-11-19 17:26:34 +0000
v1.30.8	170	2024-12-10 11:25:04 +0000
v1.30.9	170	2025-01-15 14:33:08 +0000
v1.31.0	168	2024-08-13 07:28:48 +0000
v1.31.0-alpha.0	168	2024-03-25 10:22:33 -0700
v1.31.0-alpha.1	165	2024-06-12 03:39:50 -0700
v1.31.0-alpha.2	164	2024-06-18 02:16:07 -0700
v1.31.0-alpha.3	167	2024-07-01 20:15:47 -0700
v1.31.0-beta.0	166	2024-07-15 23:45:10 -0700
v1.31.0-rc.0	167	2024-07-30 16:05:06 +0000
v1.31.0-rc.1	168	2024-08-06 05:54:56 +0000
v1.31.1	168	2024-09-11 21:22:07 +0000
v1.31.10	169	2025-06-17 18:33:34 +0000
v1.31.11	169	2025-07-15 18:05:31 +0000
v1.31.12	169	2025-08-13 14:22:03 +0000
v1.31.13	169	2025-09-09 22:51:56 +0000
v1.31.2	168	2024-10-22 20:28:12 +0000
v1.31.3	168	2024-11-19 13:48:19 +0000
v1.31.4	168	2024-12-10 11:37:26 +0000
v1.31.5	168	2025-01-15 14:32:36 +0000
v1.31.6	168	2025-02-12 21:24:12 +0000
v1.31.7	169	2025-03-11 19:55:16 +0000
v1.31.8	169	2025-04-22 15:53:27 +0000
v1.31.9	169	2025-05-15 09:10:41 +0000
v1.32.0	177	2024-12-11 17:59:15 +0000
v1.32.0-alpha.0	167	2024-07-30 02:16:01 -0700
v1.32.0-alpha.1	159	2024-10-01 15:53:49 +0100
v1.32.0-alpha.2	159	2024-10-17 17:17:27 +0100
v1.32.0-alpha.3	161	2024-10-29 14:21:06 +0000
v1.32.0-beta.0	163	2024-11-05 17:31:38 +0000
v1.32.0-rc.0	176	2024-11-26 15:56:25 +0000
v1.32.0-rc.1	176	2024-12-03 18:45:10 +0000
v1.32.0-rc.2	177	2024-12-05 17:40:31 +0000
v1.32.1	177	2025-01-15 14:31:54 +0000
v1.32.2	177	2025-02-12 21:19:46 +0000
v1.32.3	178	2025-03-11 19:52:20 +0000
v1.32.4	178	2025-04-22 15:56:13 +0000
v1.32.5	178	2025-05-15 09:05:02 +0000
v1.32.6	178	2025-06-17 21:01:12 +0000
v1.32.7	178	2025-07-15 18:00:32 +0000
v1.32.8	178	2025-08-13 14:21:20 +0000
v1.32.9	178	2025-09-09 19:37:58 +0000
v1.33.0	190	2025-04-23 13:00:13 +0000
v1.33.0-alpha.0	176	2024-11-25 19:18:59 +0000
v1.33.0-alpha.1	174	2025-02-05 05:48:16 -0800
v1.33.0-alpha.2	176	2025-02-18 00:12:12 -0800
v1.33.0-alpha.3	176	2025-03-03 22:51:48 -0800
v1.33.0-beta.0	175	2025-03-11 07:13:46 -0700
v1.33.0-rc.0	190	2025-04-08 18:22:30 +0000
v1.33.0-rc.1	190	2025-04-15 16:51:25 +0000
v1.33.1	190	2025-05-15 08:19:07 +0000
v1.33.2	190	2025-06-17 18:31:31 +0000
v1.33.3	190	2025-07-15 17:59:41 +0000
v1.33.4	190	2025-08-13 14:16:42 +0000
v1.33.5	190	2025-09-09 19:43:57 +0000
v1.34.0	213	2025-08-27 10:09:04 +0000
v1.34.0-alpha.0	190	2025-04-08 02:06:44 -0700
v1.34.0-alpha.1	195	2025-06-16 04:02:59 -0700
v1.34.0-alpha.2	195	2025-06-25 08:26:37 -0700
v1.34.0-alpha.3	199	2025-07-09 08:13:28 -0700
v1.34.0-beta.0	203	2025-07-16 02:18:23 -0700
v1.34.0-rc.0	213	2025-08-06 13:26:10 +0000
v1.34.0-rc.1	213	2025-08-08 20:39:54 +0000
v1.34.0-rc.2	213	2025-08-20 17:17:54 +0000
v1.34.1	213	2025-09-09 19:37:19 +0000
v1.35.0-alpha.0	213	2025-08-02 04:01:37 -0700
v1.4.0	0	2016-09-26 11:09:47 -0700
v1.4.0-alpha.0	0	2016-06-10 14:21:20 -0700
v1.4.0-alpha.1	0	2016-07-11 03:30:34 -0700
v1.4.0-alpha.2	0	2016-07-28 22:35:21 -0700
v1.4.0-alpha.3	0	2016-08-25 09:01:44 -0700
v1.4.0-beta.0	0	2016-09-01 14:16:26 -0700
v1.4.0-beta.1	0	2016-09-10 13:06:39 -0700
v1.4.0-beta.10	0	2016-09-21 22:03:04 -0700
v1.4.0-beta.11	0	2016-09-23 15:46:13 -0700
v1.4.0-beta.2	0	2016-09-12 08:41:24 -0700
v1.4.0-beta.3	0	2016-09-12 11:03:24 -0700
v1.4.0-beta.4	0	2016-09-14 20:34:11 -0700
v1.4.0-beta.5	0	2016-09-14 22:14:52 -0700
v1.4.0-beta.6	0	2016-09-16 10:52:23 -0700
v1.4.0-beta.7	0	2016-09-17 14:45:11 -0700
v1.4.0-beta.8	0	2016-09-18 13:59:51 -0700
v1.4.0-beta.9	0	2016-09-19 20:27:01 -0700
v1.4.1	0	2016-10-10 11:12:06 -0700
v1.4.1-beta.0	0	2016-09-26 11:28:51 -0700
v1.4.1-beta.1	0	2016-10-07 16:32:00 -0700
v1.4.1-beta.2	0	2016-10-07 18:55:17 -0700
v1.4.11-beta.0	0	2017-04-20 16:16:56 -0400
v1.4.12	0	2017-04-20 16:53:46 -0400
v1.4.12-beta.0	0	2017-04-20 17:11:05 -0400
v1.4.2	0	2016-10-14 17:06:33 -0700
v1.4.2-beta.0	0	2016-10-10 11:43:20 -0700
v1.4.2-beta.1	0	2016-10-13 08:53:30 -0700
v1.4.3	0	2016-10-16 08:18:24 +0200
v1.4.3-beta.0	0	2016-10-14 17:24:34 -0700
v1.4.4	0	2016-10-20 19:41:40 -0700
v1.4.4-beta.0	0	2016-10-16 09:07:34 +0200
v1.4.5	0	2016-10-28 18:31:29 -0700
v1.4.5-beta.0	0	2016-10-20 19:59:45 -0700
v1.4.6	0	2016-11-11 21:15:14 -0800
v1.4.6-beta.0	0	2016-10-28 18:49:23 -0700
v1.4.7	0	2016-12-09 20:42:46 -0800
v1.4.7-beta.0	0	2016-11-11 21:32:42 -0800
v1.4.8	0	2017-01-11 18:13:25 -0800
v1.4.8-beta.0	0	2016-12-09 21:00:16 -0800
v1.4.9	0	2017-02-15 05:29:33 -0800
v1.4.9-beta.0	0	2017-01-11 18:31:16 -0800
v1.5.0	0	2016-12-12 15:29:43 -0800
v1.5.0-alpha.0	0	2016-09-01 13:41:05 -0700
v1.5.0-alpha.1	0	2016-10-10 21:54:03 -0700
v1.5.0-alpha.2	0	2016-10-26 23:15:00 -0700
v1.5.0-beta.0	0	2016-11-05 18:50:17 -0700
v1.5.0-beta.1	0	2016-11-18 14:00:03 -0800
v1.5.0-beta.2	0	2016-11-24 14:29:04 -0800
v1.5.0-beta.3	0	2016-12-08 13:52:35 -0800
v1.5.1	0	2016-12-13 16:50:36 -0800
v1.5.1-beta.0	0	2016-12-12 16:23:14 -0800
v1.5.2	0	2017-01-11 20:51:15 -0800
v1.5.2-beta.0	0	2016-12-13 17:45:48 -0800
v1.5.3	0	2017-02-14 22:33:32 -0800
v1.5.3-beta.0	0	2017-01-11 21:49:29 -0800
v1.5.4	0	2017-03-07 18:32:43 -0500
v1.5.4-beta.0	0	2017-02-14 23:30:39 -0800
v1.5.5	0	2017-03-21 17:16:27 -0700
v1.5.5-beta.0	0	2017-03-07 19:47:28 -0500
v1.5.6	0	2017-03-28 09:35:08 -0400
v1.5.6-beta.0	0	2017-03-23 16:06:11 +0100
v1.5.7	0	2017-04-27 05:39:16 -0400
v1.5.7-beta.0	0	2017-03-28 10:42:21 -0400
v1.5.8	0	2017-09-30 19:59:57 -0400
v1.5.8-beta.0	0	2017-04-27 06:51:51 -0400
v1.5.9-beta.0	0	2017-09-30 21:09:40 -0400
v1.6.0	0	2017-03-28 09:23:06 -0700
v1.6.0-alpha.0	0	2016-11-05 17:29:09 -0700
v1.6.0-alpha.1	0	2017-01-30 13:19:02 -0800
v1.6.0-alpha.2	0	2017-02-11 23:19:37 -0800
v1.6.0-alpha.3	0	2017-02-15 07:25:07 -0800
v1.6.0-beta.0	0	2017-02-21 20:04:34 -0800
v1.6.0-beta.1	0	2017-03-02 14:51:13 -0800
v1.6.0-beta.2	0	2017-03-08 12:02:30 -0800
v1.6.0-beta.3	0	2017-03-10 20:07:51 -0800
v1.6.0-beta.4	0	2017-03-17 10:41:11 -0700
v1.6.0-rc.1	0	2017-03-24 12:06:33 -0700
v1.6.1	0	2017-04-03 13:32:25 -0700
v1.6.1-beta.0	0	2017-03-28 10:22:35 -0700
v1.6.10	0	2017-09-13 11:57:15 -0700
v1.6.10-beta.0	0	2017-08-23 10:57:10 -0700
v1.6.11	0	2017-09-28 14:20:12 -0700
v1.6.11-beta.0	0	2017-09-13 12:58:32 -0700
v1.6.12	0	2017-10-25 10:44:30 -0700
v1.6.12-beta.0	0	2017-09-28 15:17:36 -0700
v1.6.13	0	2017-11-17 15:26:43 -0800
v1.6.13-beta.0	0	2017-10-25 11:42:39 -0700
v1.6.14-beta.0	0	2017-11-22 13:14:05 -0800
v1.6.2	0	2017-04-19 13:21:09 -0700
v1.6.2-beta.0	0	2017-04-03 14:28:56 -0700
v1.6.3	0	2017-05-10 08:37:11 -0700
v1.6.3-beta.0	0	2017-04-19 14:15:34 -0700
v1.6.3-beta.1	0	2017-05-15 15:14:19 -0700
v1.6.4	0	2017-05-19 11:32:18 -0700
v1.6.4-beta.0	0	2017-05-10 09:33:27 -0700
v1.6.4-beta.1	0	2017-05-17 13:17:58 -0700
v1.6.5	0	2017-06-14 13:01:53 -0700
v1.6.5-beta.0	0	2017-05-15 16:08:19 -0700
v1.6.6	0	2017-06-16 11:19:59 -0700
v1.6.6-beta.0	0	2017-06-14 14:01:09 -0700
v1.6.7	0	2017-07-05 09:39:01 -0700
v1.6.7-beta.0	0	2017-06-16 12:25:29 -0700
v1.6.8	0	2017-08-03 11:00:16 -0700
v1.6.8-beta.0	0	2017-07-05 10:36:32 -0700
v1.6.9	0	2017-08-23 09:57:57 -0700
v1.6.9-beta.0	0	2017-08-03 11:56:05 -0700
v1.7.0	0	2017-06-30 00:53:16 +0200
v1.7.0-alpha.0	0	2017-02-21 16:33:47 -0600
v1.7.0-alpha.1	0	2017-04-05 08:50:27 -0700
v1.7.0-alpha.2	0	2017-04-19 02:36:52 -0700
v1.7.0-alpha.3	0	2017-05-05 02:06:35 -0700
v1.7.0-alpha.4	0	2017-05-18 00:56:47 -0700
v1.7.0-beta.0	0	2017-06-01 21:48:57 -0700
v1.7.0-beta.1	0	2017-06-07 18:42:19 -0700
v1.7.0-beta.2	0	2017-06-15 18:51:02 +0200
v1.7.0-beta.3	0	2017-06-19 21:20:06 -0700
v1.7.0-rc.1	0	2017-06-24 07:28:10 +0200
v1.7.1	0	2017-07-13 18:47:11 -0700
v1.7.1-beta.0	0	2017-06-30 02:13:41 +0200
v1.7.10	0	2017-11-03 12:27:46 -0400
v1.7.10-beta.0	0	2017-10-19 10:52:17 +0200
v1.7.11	0	2017-11-22 00:40:45 -0800
v1.7.11-beta.0	0	2017-11-03 14:36:46 -0400
v1.7.12	0	2017-12-28 01:38:01 -0800
v1.7.12-beta.0	0	2017-11-25 14:56:37 -0500
v1.7.13	0	2018-02-04 04:52:08 -0800
v1.7.13-beta.0	0	2017-12-29 11:34:41 +0100
v1.7.14	0	2018-03-12 09:07:13 -0700
v1.7.14-beta.0	0	2018-02-26 13:11:33 +0000
v1.7.15	0	2018-03-17 09:56:28 -0700
v1.7.15-beta.0	0	2018-03-12 16:15:05 +0000
v1.7.16	0	2018-03-29 04:47:06 -0700
v1.7.16-beta.0	0	2018-03-19 14:14:38 +0000
v1.7.17-beta.0	0	2018-04-04 08:46:06 +0000
v1.7.2	0	2017-07-21 10:06:36 +0200
v1.7.2-beta.0	0	2017-07-13 19:50:50 -0700
v1.7.3	0	2017-08-03 08:42:12 +0200
v1.7.3-beta.0	0	2017-07-21 11:45:38 +0200
v1.7.4	0	2017-08-17 10:29:14 +0200
v1.7.4-beta.0	0	2017-08-03 10:23:03 +0200
v1.7.5	0	2017-08-31 10:55:00 +0200
v1.7.5-beta.0	0	2017-08-17 12:24:37 +0200
v1.7.6	0	2017-09-14 08:34:06 +0200
v1.7.6-beta.0	0	2017-08-31 12:36:47 +0200
v1.7.7	0	2017-09-29 01:54:17 +0200
v1.7.7-beta.0	0	2017-09-14 10:27:02 +0200
v1.7.8	0	2017-10-05 08:33:26 +0200
v1.7.8-beta.0	0	2017-09-29 03:18:37 +0200
v1.7.9	0	2017-10-19 08:38:47 +0200
v1.7.9-beta.0	0	2017-10-05 10:28:33 +0200
v1.8.0	0	2017-09-28 15:13:57 -0700
v1.8.0-alpha.0	0	2017-06-01 17:18:18 -0700
v1.8.0-alpha.1	0	2017-06-19 11:23:58 -0700
v1.8.0-alpha.2	0	2017-07-12 08:05:25 -0700
v1.8.0-alpha.3	0	2017-08-23 05:51:31 -0700
v1.8.0-beta.0	0	2017-09-01 17:06:32 -0700
v1.8.0-beta.1	0	2017-09-07 18:05:01 -0700
v1.8.0-rc.1	0	2017-09-22 18:23:16 -0700
v1.8.1	0	2017-10-11 16:15:37 -0700
v1.8.1-beta.0	0	2017-09-28 16:09:05 -0700
v1.8.10	0	2018-03-17 00:46:12 -0700
v1.8.10-beta.0	0	2018-03-12 16:12:35 +0000
v1.8.11	0	2018-04-04 11:43:22 -0700
v1.8.11-beta.0	0	2018-03-19 17:43:04 +0000
v1.8.12	0	2018-04-22 21:35:53 -0700
v1.8.12-beta.0	0	2018-04-05 17:15:45 +0000
v1.8.13	0	2018-05-11 10:46:53 -0700
v1.8.13-beta.0	0	2018-04-23 23:08:27 +0000
v1.8.14	0	2018-06-18 11:26:10 -0700
v1.8.14-beta.0	0	2018-05-15 18:07:42 +0000
v1.8.15	0	2018-07-11 09:43:51 -0700
v1.8.15-beta.0	0	2018-06-18 21:51:13 +0000
v1.8.16-beta.0	0	2018-07-11 17:51:15 +0000
v1.8.2	0	2017-10-24 12:37:22 -0700
v1.8.2-beta.0	0	2017-10-11 16:47:11 -0700
v1.8.3	0	2017-11-08 10:26:56 -0800
v1.8.3-beta.0	0	2017-10-24 13:08:11 -0700
v1.8.4	0	2017-11-18 22:42:55 -0800
v1.8.4-beta.0	0	2017-11-08 10:59:49 -0800
v1.8.5	0	2017-12-06 13:22:20 -0800
v1.8.5-beta.0	0	2017-11-19 21:46:56 -0800
v1.8.6	0	2017-12-20 10:45:53 -0800
v1.8.6-beta.0	0	2017-12-07 08:34:50 -0800
v1.8.7	0	2018-01-15 05:14:49 -0800
v1.8.7-beta.0	0	2017-12-20 22:53:16 -0800
v1.8.8	0	2018-02-04 11:28:17 -0800
v1.8.8-beta.0	0	2018-01-16 21:51:37 +0000
v1.8.9	0	2018-03-12 09:05:58 -0700
v1.8.9-beta.0	0	2018-02-09 21:22:23 +0000
v1.9.0	0	2017-12-14 11:20:37 -0800
v1.9.0-alpha.0	0	2017-09-01 20:29:44 +0200
v1.9.0-alpha.1	0	2017-09-22 13:24:50 -0700
v1.9.0-alpha.2	0	2017-11-01 09:15:14 -0700
v1.9.0-alpha.3	0	2017-11-15 06:41:05 -0800
v1.9.0-beta.0	0	2017-11-17 10:24:48 -0800
v1.9.0-beta.1	0	2017-11-29 11:13:12 -0800
v1.9.0-beta.2	0	2017-12-06 19:18:12 -0800
v1.9.1	0	2018-01-03 10:08:16 -0800
v1.9.1-beta.0	0	2017-12-15 13:30:59 -0800
v1.9.10	0	2018-08-01 17:03:05 -0700
v1.9.10-beta.0	0	2018-06-29 01:05:57 +0000
v1.9.11	0	2018-09-28 14:28:06 -0700
v1.9.11-beta.0	0	2018-08-02 17:10:43 +0000
v1.9.12-beta.0	0	2018-09-28 21:33:52 +0000
v1.9.2	0	2018-01-17 03:44:51 -0800
v1.9.2-beta.0	0	2018-01-04 04:13:46 -0800
v1.9.3	0	2018-02-05 23:29:28 -0800
v1.9.3-beta.0	0	2018-01-18 04:59:36 -0600
v1.9.4	0	2018-03-12 09:03:13 -0700
v1.9.4-beta.0	0	2018-02-07 07:18:51 -0600
v1.9.5	0	2018-03-17 03:55:20 -0700
v1.9.5-beta.0	0	2018-03-12 16:20:35 +0000
v1.9.6	0	2018-03-20 12:21:10 -0700
v1.9.6-beta.0	0	2018-03-19 15:49:41 +0000
v1.9.7	0	2018-04-17 14:21:07 -0700
v1.9.7-beta.0	0	2018-03-21 15:12:25 +0000
v1.9.8	0	2018-05-18 20:08:12 -0700
v1.9.8-beta.0	0	2018-04-18 23:57:35 +0000
v1.9.9	0	2018-06-27 01:42:53 -0700
v1.9.9-beta.0	0	2018-05-21 18:52:11 +0000
